feature,data_type
birth_date,String
college_conference,String
college_name,String
common_first_name,String
display_name,String
draft_team,String
esb_id,String
first_name,String
football_name,String
gwfg_distance_list,String
last_name,String
latest_team,String
ngs_position,String
ngs_position_group,String
ngs_status,String
ngs_status_short_description,String
pat_pct,String
pff_position,String
pff_status,String
position_group_right,String
position_right,String
pt_long,String
recent_team,String
season_type,String
short_name,String
smart_id,String
status,String
suffix,String
